Flow Duration,Total Fwd Packets,Total Backward Packets,Total Length of Fwd Packets,Total Length of Bwd Packets,Flow Bytes/s,Flow Packets/s,Fwd Packet Length Mean,Bwd Packet Length Mean,SYN Flag Count,ACK Flag Count,RST Flag Count,PSH Flag Count,URG Flag Count,Down/Up Ratio,Average Packet Size,Subflow Fwd Packets,Subflow Bwd Packets,Idle Mean,Active Mean,USB_Insert_Flag,External_Device_IO_Rate,SCADA_Command_Rate
652797.3964164255,433,308,15408.20210146041,14708.616444468735,15486.869785573248,178.2441475565284,483.0741497998761,547.5555833261941,11,27,3,9,5,2.3124801030679643,628.7118248851139,255,231,10692.50191190048,60600.65366750609,1,18.250205987601806,28.876417873690762
441262.23457468726,388,168,15159.211313123804,9906.816294674602,11799.612717660184,163.10830511002987,585.2298286556564,567.6534917692703,15,33,9,5,5,1.3334925143836034,741.1692380418706,273,195,16542.163115865358,49023.62215419993,1,9.80795686560609,22.164777205314067
614349.3227340004,160,151,5261.805009164171,11450.097432666405,16901.22458516519,193.40936468831208,498.50470855992,522.1576118351633,10,13,7,8,3,1.8270152463486684,639.2374851498599,274,205,13078.392864368281,56850.97063804877,1,19.283916147002756,31.597435033096566
517278.9885895844,282,266,19040.973767294072,16689.571352411956,13624.946450779402,140.40934954331408,393.48050368052213,443.9215199186261,9,10,6,9,3,1.7549645117657364,437.9071763850825,250,238,13000.467174255467,51761.731161461685,1,16.092090278524914,28.530020955757323
519133.0215093511,288,192,16848.39970291555,14467.943545606988,18187.212442385666,233.37939261942864,640.9349825162526,588.2212975248888,11,28,10,5,4,1.6215022932365672,630.5870016412857,298,128,10801.400305779865,69507.20215705212,1,21.27279568174032,20.123499066868852
409899.9990755806,192,143,15108.691532941291,15706.880910730251,15490.50492816304,203.69023465989233,621.6896530296249,448.6325063115823,4,22,10,6,1,2.4143900855448313,663.4686819087211,155,164,3770.3112659689723,57514.909205238444,1,18.110114081551487,24.20607723047908
472592.5425276132,480,169,17571.671783897214,13032.267291664737,14177.552938015175,178.03585883040225,556.2163267394814,453.83892738940926,4,12,4,5,5,1.5114706026304214,504.30699501669636,120,141,12661.990384146859,55891.14143872012,1,18.48965997551578,18.521078786147072
565288.9020004002,217,181,15634.012929105007,16474.768433277444,10090.690695997535,190.33110661330724,564.0747581687767,426.6802751192807,12,22,10,5,1,1.615601510405626,526.168425448076,176,110,6421.623457824136,55455.39799657169,1,19.20875363834381,28.283056601341343
437096.0952306425,264,193,12198.123922619998,14108.767855435843,9703.99561231654,172.9058346735101,540.284707063329,474.0415900349393,9,11,5,12,6,2.3967492309949647,658.0866045714766,136,171,9783.448947358993,76007.75443594839,1,16.554178530885785,29.94390961917781
456956.3504913175,450,259,16769.235177026687,11577.033293712633,17882.426378473854,116.05863632392234,461.9052849282663,484.8755885790895,12,35,5,11,1,1.922114879405321,571.9630292086213,133,184,8343.117419021743,50470.41141627116,1,16.733780417291,28.272910222467235
476810.45759203745,389,377,14832.565475617681,15510.942908806908,15857.64277255334,145.3729363651788,684.0705723173795,534.9319757883716,9,33,10,5,1,1.9008573111394933,692.0540872152148,100,128,9055.658310351713,52966.896289385324,1,16.735526488575974,30.29896519843813
230381.13314438734,405,411,18093.694816689393,10487.314018108724,12601.768086264688,177.79708387334398,550.4420064307177,395.00349050860535,14,22,9,9,2,1.7749034408497888,592.2264896936917,220,214,9355.123962133908,52257.61418528346,1,18.4993239245098,27.800852659664237
547903.4218153884,549,279,14519.02692449771,17985.006493366323,12232.943119822583,170.88774316934666,594.3559371935734,470.8692547633377,7,32,9,4,2,1.9493888677940479,331.8007646763069,287,134,14830.558547571512,27408.12795708288,1,16.77218859628179,31.572687754740222
574142.270372977,347,170,13859.682561748594,16325.19140797302,14021.275653084165,210.90339351693473,512.6119140936967,441.9502020887589,8,34,5,11,1,1.8298348680322831,578.3434329765287,108,235,14097.184281232434,52116.1615897105,1,20.801839020074826,26.23257307969433
550990.1398133019,436,154,13595.306572918324,12292.609623864328,9633.471947473521,207.4145832064367,602.0730416315873,546.3432793562446,7,10,7,10,6,1.7443075976549753,528.2467801092198,248,212,13032.588730607964,63195.28850953668,1,11.921010815281587,31.210823439741752
600140.931139791,440,244,12406.044257061081,12626.589242924843,12090.499744785038,162.60623064940143,668.7902428894382,535.7157358486282,5,25,10,11,5,1.5576030009721273,639.8067147635006,306,148,18305.364854378153,57177.378969652316,1,13.003415430196227,19.284758578448347
482257.47822696634,200,312,13671.047735057891,13610.323977062217,15115.106603999211,146.72057418358045,575.8292977694887,422.4924595826956,5,15,2,6,2,1.9612701172458546,618.6668818668519,205,212,27180.749419037173,69132.80342616048,1,26.554324815656773,18.61648142504778
673950.9396240361,383,264,17011.653864378415,12664.127138199492,15489.657831363598,215.19302405592373,594.2536398244464,551.8405755574279,5,18,10,7,3,1.7828264657992974,468.45999712874766,137,131,14935.747312945075,60426.74317946438,1,17.263427387972552,27.51968906031148
448192.9429007872,403,133,12876.100573038524,17288.898166505624,12369.34647241811,192.5716783056401,643.4102919038872,505.549762356501,5,27,10,11,2,1.8186445996537681,593.9747238612466,251,187,16858.69990104213,57024.46101365116,1,14.941200984906683,31.106775646031625
500919.66617339605,207,325,11386.010041920308,11529.831307793977,17880.695189135127,160.1363337878017,627.1978972076698,577.4200876880793,8,14,5,9,4,2.1347059738161938,631.1277431424467,141,203,13845.612656374866,61666.11384218501,1,18.89801661044098,25.339392500731492
492525.92703361297,201,192,18262.884194308208,8542.130268185418,16325.959160600709,139.32120647528365,659.1936061096211,455.0785956288535,9,34,2,9,3,1.8083994076336627,621.0236355813913,121,116,15610.100839088063,55377.10912664379,1,22.068392319787332,30.828666030125994
535834.9939656646,265,262,15016.432681035016,12398.181362204403,11247.459471262879,157.96660552922532,590.4825255679256,560.1877944146333,13,23,5,12,3,1.9192277972934078,679.6598620509411,206,124,4703.138891993449,47632.462104822764,1,21.56408161872067,28.85926276009062
499636.3494110771,344,373,18188.03837961009,15532.879307193847,9827.722098083153,200.67808004063383,590.4308809623157,583.5237249486637,13,33,2,11,3,2.4186345776417486,459.72931781049044,93,102,1.0,49457.67810870784,1,16.007204741209712,14.706943955110667
511250.5733933045,347,332,14728.99742700657,16345.480893266013,15064.790578903503,252.47224127814053,582.7400241762241,515.8583531030154,10,10,8,7,2,2.0574185389949293,555.021291904253,166,123,2352.706039813638,22403.54635782663,1,16.949313859788457,40.94024986513068
462329.83469556674,249,263,13498.853508947503,13552.81719493596,12139.801820440063,176.52359671714692,642.1515580194131,688.3164707602958,11,31,5,4,4,1.7988677841191905,327.1188357583942,278,205,9501.973954573688,70140.78499582958,1,17.66506049086102,19.44794096340061
482728.13638864376,330,375,9398.707601285583,11235.085421293075,11607.888772595192,151.6802040010614,518.9837821567392,551.7755586283954,6,19,5,6,1,1.6427968465591438,701.9984318673125,129,112,19060.961848239822,48620.66289877117,1,20.2455214961494,21.331608521682206
330086.5860349396,279,156,11545.24386063649,13063.333870533168,14024.093918742816,271.28825595661294,610.4023231828353,659.8383793787339,7,29,7,10,4,1.912865210047252,585.6249002325102,213,239,13725.722756373953,38478.528307557775,1,19.181914469854178,33.89740820730713
588206.8856027357,573,183,12445.771546757465,11169.003974669013,15414.268811823667,170.12434396660146,778.2565065235287,724.3572011998411,6,24,7,5,4,2.1705598810408007,562.7038722124198,326,146,10624.834013444206,46604.15811522861,1,15.331954588083502,27.118478894282806
433131.46473455505,454,178,16483.30661252285,6053.652952593819,15617.390629925347,153.2356284365806,594.1006070592804,367.804210444056,9,25,3,6,1,1.7847706471321643,560.9137626437757,142,134,15233.317423313089,72085.81501822603,1,16.96193015581559,22.393155730424443
478294.12392789137,592,365,15118.53940118194,10558.64685362783,13554.514581676574,168.70769207244095,446.27011138235514,607.8905562972661,8,25,5,12,6,1.9378733124334258,627.8269544120435,157,159,14194.96702170802,51862.1432127124,1,17.938794787830776,24.182367692332505
429920.6100786263,451,366,11910.734674351805,14782.2186065925,6977.0530029221,166.71544731521777,532.4352027407018,553.8889146246723,6,23,2,7,6,1.7776366059056616,689.474230044155,258,194,5995.261130558835,54083.5421577399,1,24.928178207387152,21.71731569515598
568422.9489623342,396,176,5767.388182293433,12360.948493321499,16072.377358778742,235.8220462415223,618.9751713467239,530.6893719586711,9,21,6,6,5,1.8358340483205438,542.9698587138186,267,210,14750.681442351179,76034.31765240828,1,18.29055773569187,22.19821529313746
473813.54800136667,375,153,17119.13006544003,12243.496286068204,11142.983425846356,118.05069041143888,496.2936596014232,453.82693116547176,5,36,4,8,6,1.5923351902789373,620.0454294333559,206,201,16495.182895240305,61025.185870579866,1,32.23483493655421,31.735803700645857
312325.6678717465,267,357,18570.84900060249,16631.183301678393,14263.45997051611,208.78049451881338,467.09976071778794,434.2389767231824,14,36,5,12,6,2.0089096059826783,618.7647474867638,264,99,22583.901587525994,47541.828489981766,1,17.92313237997097,24.01126319335932
543863.9874957165,225,238,18876.394411783873,10211.668919270876,13057.955159998164,184.56169514359496,428.9697181439342,420.48331545095704,13,25,3,5,5,1.9734325215676685,333.16838825442335,241,237,12118.205255379578,30601.992380165444,1,12.26741586332864,20.589367160898178
456484.54583885183,523,300,12123.20166002388,10514.73961433886,19683.35651189006,162.73223003602095,540.2128156275654,698.9803499730274,15,14,9,9,3,2.3459305051843193,497.1190912069626,148,156,20630.09164789616,58668.18999436398,1,20.404869512908544,22.439939325940504
518013.5987832464,327,155,19093.873549702646,14225.913060913043,19162.107841516972,171.56327212432853,713.1123942286458,551.4275258260917,7,11,4,11,2,1.9621351121240647,622.9046063224181,287,234,10557.00022764887,42861.28365238774,1,23.18879553354489,26.067931379201976
590735.731895489,227,277,17481.048048146113,10993.284227790478,12113.475887632656,174.97278592007024,509.5368517691896,394.4698914288948,11,36,7,9,6,1.7321507719437388,710.7236234645061,156,198,23667.021245175387,58918.99218404236,1,20.900371120464555,22.505483556254745
436057.94807643245,340,315,17464.264462300016,10977.827295797711,9635.014251255976,188.52317094208217,643.2040469190562,420.52773978247683,13,14,7,11,3,2.338318692710004,724.4980219344993,252,92,9644.042937399989,50421.452667056634,1,19.786731311148504,25.15207334501283
515675.26299343206,376,243,13367.147870347593,18002.63108495115,9854.018861850696,166.9469438568571,533.490427437514,337.86495029551986,8,28,8,7,5,2.0336714680159833,440.2863890064425,218,178,15584.75560040618,55905.214789243575,1,17.481242392823766,29.088715171008747
454408.76107242977,462,360,15035.413128565984,9876.669308754157,14160.38458729856,182.37966356347692,523.2091077940505,611.2401389793599,15,29,2,11,6,1.9845814917464235,684.9355876436684,218,229,13875.847013157472,61750.213518870674,1,17.85981648047708,24.11508851499497
603867.2245398533,617,269,21910.311394271546,10929.252794471531,11888.703470512222,153.90624112430967,609.1104938682685,513.8493330301974,6,32,9,7,6,1.927571682597314,688.6471439862345,296,221,19650.950782121534,30248.909859347496,1,9.69022049627549,21.841667306162087
526711.3529317806,607,267,21370.723115335284,14560.564355634915,10288.850846399437,272.27694326787497,414.29842678076625,553.2801915308951,6,18,7,4,5,1.9738076989236233,620.4005163811695,307,210,19003.105452741966,52544.686461014935,1,22.43620972165426,22.819146171055348
518037.4352179345,559,167,15331.013947708107,13048.39804296866,11933.71619743801,225.37075277709158,718.5899512797877,510.206723964951,10,27,9,6,2,1.6890902359521347,352.8175660642544,267,240,7496.245026805272,50781.73171708362,1,17.483384926834535,35.352816523367075
414522.8267508364,537,310,16170.932429424669,8942.258234896732,14663.333997024969,204.5424635515956,611.0451388318779,590.5632464014014,8,22,8,5,1,1.9071640851488674,515.9157485124347,233,181,10886.04562088168,54455.107113145015,1,23.585514108687978,40.04965959213263
583766.636622489,586,254,7817.527747817462,18730.45316189505,13180.86083053099,167.2473032417641,659.8844529531303,476.26789684739947,11,15,6,10,5,1.8686483664834284,586.9144393686241,162,118,22706.38536137552,57052.70013379791,1,16.869560530727835,27.27667890279992
594552.5768749875,483,304,19713.85680171203,10737.771382095849,12049.312076148311,217.85856992922547,535.501585469636,535.1127229661239,14,29,8,7,1,2.0299309911180705,549.0480627593356,263,80,12975.635343365962,52824.00805702402,1,18.786057588795792,31.349378885506916
454877.71666948666,186,290,18109.704882962553,12438.860071556224,12400.727553228244,196.97147285498139,607.1567901115309,533.2942346519831,7,30,4,10,4,2.242673769161857,336.4542722567048,100,243,16406.87748079665,43225.77209962201,1,23.99676232070604,21.36060210949743
533080.0595425206,254,211,16707.74953380326,14554.151620204004,12946.59532279552,189.76206616214566,648.6164993528736,411.3747214509169,12,23,5,10,2,2.2005462407251026,546.2587154424922,114,196,7362.327139693209,37447.15782221705,1,24.343608242539613,23.45903376221115
569979.9867938098,361,215,13391.6328202484,19903.326763690624,14023.358199615555,163.6790995866057,551.382628061492,448.54182139163794,7,32,5,8,3,2.0732057371838115,472.62669534569557,235,239,11319.693125667814,31947.53225998955,1,22.364893650531144,29.69969977538454
708527.6736863706,516,192,15732.457645115834,11929.80385800538,14187.594397819128,195.98321874399062,477.0456752668457,484.25333796580185,4,26,5,12,6,1.4474805660680778,639.9913243993252,155,222,9098.27179581387,52436.08481283213,1,11.515438449515418,12.818184424255582
553245.9772607014,509,216,20630.13742871463,10349.824978584322,8784.491231800126,252.34242729986477,470.4031337649468,537.2849499804868,13,30,6,8,3,1.8083087723408375,627.7922589932593,204,145,16944.764480758375,57320.56510851225,1,13.891849434831768,31.635737837573522
519965.16380435694,561,368,16766.83327690354,14742.934836691817,13866.754195527199,188.2269239360571,519.8323747260862,628.0159849366181,10,30,8,10,1,1.4198971425363371,632.538848159734,316,110,16040.497739895834,46895.81149890185,1,21.804508272482803,23.61254245979629
506769.3381741298,214,204,24710.83688513779,19673.235504710225,12386.247724769715,174.4527101713235,581.5634240266313,519.8376761951905,11,33,4,9,3,2.2330678409572964,534.3687916471862,172,226,18373.311093349617,60968.890932252136,1,16.206302920350936,20.53274047714922
511823.5652606393,426,130,18340.167996876793,13621.466433020558,10561.373589749513,188.96937963036876,544.5314114214376,502.54422366518173,8,27,4,10,1,1.8963487960069025,577.2311060280149,191,233,7290.661813588979,49626.2894308025,1,19.29500749660015,29.3290368819092
585220.3532650709,509,359,12284.291249662609,12315.043848771966,12356.407240601937,186.75152354125467,513.5056612536789,536.347906295234,9,11,9,8,6,1.888862566874765,565.7699053282689,245,172,15133.6110627169,49972.43473924917,1,19.8297119325837,35.65462277616916
445027.033796742,329,161,14062.194148578312,14413.026254625016,16637.18175566841,163.11479326993734,624.4123251492495,496.64941886702303,13,35,9,7,1,1.7380846448772618,675.499430653664,266,124,12596.882913466396,33741.265188146055,1,20.024695102809506,25.121906923010858
599278.174647861,304,216,13015.669689668492,6766.346840189834,15664.145760868447,155.35161083654296,516.1989332075698,508.07021705044644,10,35,4,11,6,2.284018606760023,516.3339503246206,318,225,765.5008976078989,45679.60158115702,1,14.777050586159163,28.75283390059613
388993.8827315832,457,156,18501.966055688616,11293.438565166049,13672.179878405812,216.73048762590884,503.2277975731639,638.8522317946952,5,29,2,12,2,1.9585654766876706,491.7087013493174,166,231,14723.338680289453,62048.139024851494,1,23.09142719145214,29.722090788952197
576638.637285667,565,281,19537.429254451927,7541.538306217836,10888.12509268279,233.2137123140961,649.2410460117212,491.03950154594594,10,35,5,4,4,1.8980886384965527,680.7685377845373,306,214,18701.645560335717,67770.59195988558,1,16.90219434485651,28.440021442325214
600308.485624653,358,177,21507.006034587772,12083.978236221734,9593.040009378365,275.6333209380458,612.3031744758158,532.2650133703883,5,15,3,12,6,1.965190404574546,665.2949954500664,142,174,20039.572864614995,48716.340355337255,1,21.359449253529597,21.019830777523808
588524.9182202611,340,410,14336.703439169474,11609.745080531027,10762.916101186622,203.3304651686601,443.62240522088257,455.1787190950337,6,34,7,12,2,1.9866816840191872,626.2527065737252,249,253,12330.327791015414,61405.620974614205,1,18.171293461604566,28.34112376741867
542982.9016961802,176,231,17138.030133965054,5023.653634477592,13434.186743917737,189.66836014179887,433.5700989820961,617.1715937937721,15,13,8,9,6,1.892403358724054,748.7282673142997,109,250,16481.85568917889,67973.21557003466,1,26.683418653649316,28.104986294184044
553565.8119221951,260,99,19981.46383562026,13755.668438347868,13493.194408543095,221.07136819152436,454.7652071954328,432.5312972096488,14,27,8,8,3,2.283651132286563,804.7249544333688,320,119,15117.79422685846,39751.44713567428,1,24.79400922691483,10.621816686370401
485982.8482698852,178,272,20924.417586025065,15116.129062465525,11576.189610191415,148.6795558214123,557.0905738905423,503.889733773858,14,23,5,8,4,2.28077465160996,710.3716267205202,279,136,8851.3518273952,54809.412363169366,1,27.526415792449825,32.14543744094799
424378.9406959813,580,162,11193.156854235636,12600.432954523794,15857.840876248994,210.7031080251123,671.9523355093937,593.5123790240172,5,32,5,8,3,1.9564255513150157,492.7923256746292,184,212,8196.01422481268,53283.98520988497,1,25.61117650659434,17.978057391608182
541225.923406262,544,205,17670.416965438664,8461.954274224776,14476.572298380004,226.55073537909487,697.5009670116588,436.3912669462609,15,24,6,5,6,1.7123771497174225,666.4206485957671,306,107,12270.205681612573,63900.24267747441,1,18.46281675974706,27.769465240313927
525863.5024407849,482,395,11324.375171316698,17122.21744298854,5976.4204751806965,225.96892673519343,631.2966573401961,583.770001726286,6,26,8,7,5,2.0216924829855154,587.1256915390373,114,82,11368.353712299955,40978.57748691992,1,16.86421949235643,36.106554208151245
598513.2354067337,243,149,13393.81603404049,19081.18651193624,13705.681177563341,251.691170733273,741.7239528619074,335.82807175564716,6,18,10,12,3,1.7634935299482195,513.1467413574774,177,172,12923.420701156223,54788.50121713251,1,14.458297936312334,25.537080244055332
507991.25585198257,362,326,10926.233544815928,14440.589063361063,15515.330239396842,161.06359199683416,579.1543765870626,417.1856515821629,10,23,10,8,1,2.329732672002738,493.4761736012128,198,245,10494.873494981035,47900.26394192239,1,20.064909446246766,20.723323384155655
533510.7543203776,145,317,13326.698050207755,12102.14426657609,13966.816765739317,165.30627717197498,665.3576384844756,501.9940418011752,8,19,5,7,6,2.3700062941400204,604.6200499468296,248,238,13519.83094319886,56099.66175163381,1,19.097383782027098,30.354894892161603
544430.9327131959,601,214,10426.042412534884,12142.614225957348,15028.220685531498,176.39377586327157,505.7354908778209,714.8194437413813,9,35,3,5,4,2.1319553715368493,664.8527082436666,248,115,7381.3143595427655,65656.6820210306,1,18.827939207497685,35.4113793860533
568653.4135959584,165,236,11363.173570701387,14543.349498933225,12662.270828643917,140.37770018094477,412.17009825500253,522.3648462156006,14,24,2,10,1,1.6053222822238413,726.7254775417346,102,120,19812.94558482551,68727.55529222492,1,15.683676767840836,20.348366418644197
600630.6858589532,429,119,12333.994483858103,13479.000499078596,13217.286583080504,206.53608908060605,530.6780794887936,524.1753711898019,11,15,10,8,3,1.7998572235208625,649.1525506931812,282,147,3764.433519697299,65762.1446633988,1,20.443959497708963,12.8423048708883
438932.5213324017,378,247,16560.841365945766,14550.140461579076,13275.818346756754,212.00601087226678,548.111466734215,607.5565985062918,7,11,10,9,2,1.8742366150573675,638.1324311933977,124,246,12111.022697712942,39116.88465872412,1,17.472498788568522,34.09603596916509
579644.8248652578,421,259,15618.62471267201,14594.828580814456,13915.425902872625,207.46221184653118,805.5623972476105,417.6600697768349,15,32,6,7,2,1.6950102383729466,552.3545903348963,315,231,11522.764091050465,45324.74471202213,1,17.069876596364587,32.12510083731416
504651.63178203115,179,287,9745.954761965655,10911.633584417526,11778.501279569458,190.97533938341022,559.9588525304631,252.16758413724125,12,26,2,4,3,1.8456056129207452,598.8177281010763,188,243,11849.812844899521,63076.28163316591,1,19.655551764252934,29.30932211483435
574622.2285025802,313,348,25094.87615889147,10649.120076755717,16458.95681801781,225.23241545469168,463.30812083171145,657.3773986395659,7,21,6,6,1,1.995614695730354,410.5618297041593,214,165,8448.99346688476,58257.920393426124,1,18.6885192417534,16.20107559206052
645670.1596955176,537,396,13790.163148726338,12330.79895883884,17383.787165636342,208.00710746091045,651.6415651142574,561.3959558456266,4,17,8,9,2,2.0781218959925427,637.1775821087205,183,94,5246.90912635888,47847.42561279688,1,13.295279819027513,30.58605661300408
340787.8530105859,540,229,10847.578202512608,14649.328233823302,11913.142796235974,160.8994252950306,487.8392673324194,472.15167718300506,5,17,9,5,1,2.2911374317918374,622.4888314166885,179,199,13653.682143374303,40002.48829467979,1,15.849151177517616,33.20132992498741
623228.3466830798,333,381,17538.938954871013,8365.838651252765,10127.628979151797,67.00221887800767,573.636316485674,514.8754487128388,6,26,9,8,6,1.924536904153769,785.5642022391556,198,242,11516.537091084294,4118.548685227157,1,21.130438130944082,39.93837888785309
509937.5141113123,420,368,15483.986084362154,12491.151010732243,9633.293207207254,171.76660042784002,643.3421596553754,599.4315556155196,5,23,9,11,6,1.8466088326309966,570.6330970248814,157,145,14345.553057099782,31870.03256939752,1,18.809077839189374,25.311301662131175
447285.99093279947,524,191,12655.758683103208,13088.430585763339,14533.906283863489,186.56208932871937,471.4943692242913,499.01241546878214,15,24,2,5,1,1.5699987799096626,706.0399332082145,307,123,4580.121642196652,47334.36927855758,1,11.229817491812383,27.954300918560357
482810.96806264756,438,185,16867.1523801277,11691.016751159097,15045.943546265351,186.89418794431975,704.1586913163901,522.3153261707733,4,27,8,11,4,2.0279516037373124,522.8185944738342,235,179,20739.566595828997,47516.622247119994,1,21.795204753852502,14.083994858590813
432328.95268476126,340,267,13146.550848545205,17548.428768397538,14545.67854621438,177.83134165450903,667.0462564590018,683.0035991034023,15,35,10,5,2,1.8039740708153718,761.6736157447873,198,123,12116.71053988174,55932.92682390628,1,18.80224180973862,32.810126544070286
563137.2418623142,589,253,14465.078786983173,17019.298839405645,14786.439682081902,163.5272515910172,593.561585190912,404.2980322788913,13,14,5,8,4,1.8724251138641028,734.4431187045502,256,232,1.0,58219.62289120826,1,14.753061516613547,32.66522765908267
432041.1506262134,617,212,20629.684682562794,14488.234627618604,11808.553937004719,151.12792152120278,726.4097359854202,553.9629997659649,4,26,6,9,3,1.772467931412392,699.5135224524975,103,152,13406.13913202825,78108.30824008954,1,16.324313818964686,29.42308207746592
622367.6763661344,269,119,15932.407801382984,18688.247454234337,7827.579244015719,143.68138064862796,523.6863786714416,406.1285458124997,9,30,4,6,1,1.7803934566075372,581.6250610014994,241,240,10234.783905679125,41762.17656189544,1,19.660899048992093,34.125758671871104
578812.9055367949,163,352,17649.420087429782,15922.883372109685,12007.59595412552,202.3982879439382,635.445886300313,642.8734852546467,4,23,9,6,5,2.1319581150826346,550.5540815891923,130,188,7060.561770263472,27585.90100539959,1,10.165494509518199,22.30934195303333
539308.2100635123,519,263,13672.55419074803,13615.74872493126,18030.821383361526,228.53148626015232,586.4877541972262,534.9140201859669,7,20,5,8,5,1.9150935708078571,534.1923927050915,136,162,18413.71889494004,39853.19985538488,1,20.682086783430393,25.69116680833644
346927.5120699093,191,148,16036.205551243325,11721.512566426443,14141.433621762399,134.95065098798477,499.4047366755331,451.619670820495,7,24,10,4,1,2.3684139466576988,467.99994577045663,248,161,16962.630126037562,71120.81999767113,1,22.94695169922596,25.925513962906095
407582.9568569402,529,374,12802.151369886202,11974.725392967994,14588.707152376328,182.5483787326115,502.26077872761874,382.45131625188463,12,29,7,12,2,1.6180184262703081,626.440718936651,197,209,14140.489678682692,51154.646685692336,1,22.562278636389777,33.59525928389332
513187.1187613648,514,395,12647.210515440349,14379.59192549543,15933.279779880024,216.54897745665437,752.9517398561132,480.2335030675663,6,19,5,6,1,2.28121741436884,547.6794492131884,132,124,12869.666965725917,63148.50211414701,1,23.616985006531383,33.729906049459444
517817.56348753424,170,140,14056.687670005389,12047.443090638359,11047.760768416814,177.44456418658473,660.6348691563321,525.7783538258807,13,14,7,11,3,1.7930336120805568,617.0947688256317,107,164,14923.291963876138,44245.717611516775,1,15.880250965456499,28.906228459326385
599883.7257574197,403,263,13069.222239868512,8497.462982065072,14025.738535244449,213.64025665120857,644.5032021801051,608.466644732969,12,12,2,6,3,1.9156412734953274,593.6819679758694,236,235,4925.9850245309035,44982.98377227493,1,23.135888724439425,28.5918175242329
272433.7174536323,486,291,19133.1339601269,12019.8710355945,14834.171867579014,228.1338952658858,500.59949135207415,417.0430351080762,15,11,10,11,4,2.0695647963744754,456.88735627342163,214,249,13420.08387709681,30429.690880842893,1,20.089248122675418,30.30555456459911
455470.47915628355,178,168,17526.980033195414,16385.571191234692,10788.947835044764,200.77601755656985,627.2547658820592,439.90721865431584,10,34,6,5,4,2.2185677331729394,691.7407879654252,147,87,18440.44374748965,47031.024995758686,1,15.658792405706933,24.981001454841795
591152.1214040222,538,193,7476.947662618327,5220.381813755445,14418.807148564365,165.17290905453112,525.0368507881982,467.7517360430827,8,14,6,10,1,2.2296021280988674,585.5701268011651,141,210,17492.305472473578,51130.42317160808,1,20.867190553460908,35.170170446639396
491336.1219219292,192,217,21534.63990406122,17549.460152579377,17027.02323288693,237.60237053723324,721.3137096734874,444.109251062683,12,27,5,10,3,2.224168121105785,669.8422142978529,268,231,7457.166321259788,61410.421680253836,1,20.74565642789972,24.288395357541336
480277.96913582576,397,206,17743.96419196484,14979.576382658133,12278.033647163174,174.30156511347792,675.2260574676641,466.262974144906,12,14,7,10,5,1.8729650094496137,446.8079408726344,303,157,13390.689358374237,57732.656297879745,1,25.162042909154607,29.57729898811121
382959.9222453653,149,312,19506.115681685696,12473.304528473464,8577.382329139882,174.30271692932965,647.3360279334396,429.6603832335631,6,24,9,4,6,2.438808598429341,490.96942299677784,314,121,7110.592208600855,74845.13687987134,1,23.78869483902141,23.422341424125563
609974.5280164023,193,92,14901.691522819146,14091.728964871958,13883.26351320404,205.59551983861834,637.6882056152565,545.4568750763048,7,30,7,5,6,2.1034542892457724,531.8400923509585,283,169,13253.849645692815,49154.09362796594,1,16.237695643156794,32.68097636955469
478777.7161481878,492,304,10270.824159082917,16179.425684961447,11561.667402536603,172.9409295055912,551.6603085681493,468.95021071617765,11,13,3,11,2,1.1073363709773427,601.7196822884024,146,242,8889.47698992919,53910.158929870006,1,20.36268795477234,26.402414178915354
612964.2022572182,177,265,10865.82587860022,13303.536554461425,13907.039127487378,176.0475091844152,606.2818220021486,510.9186107138256,14,23,8,7,4,1.9478923741185683,563.6072975571287,265,112,8323.961560781294,50812.79720479691,1,20.319836905189685,39.399387063026154
644589.2602615019,571,340,21475.36849169245,16140.807893003992,11041.981719993379,170.05050897585582,706.4268206165214,535.8658594428417,10,21,7,11,1,1.8319529773862533,725.0784775330663,182,137,14218.939851254467,42658.81996817387,1,20.00521974449614,26.241266726298907
631956.1979239285,151,415,9804.520247928878,15837.553322080847,13570.721313762197,177.7735104224491,604.3325640027122,392.75052906780235,14,30,10,11,3,1.8509840282812864,688.8080642697889,116,249,9016.379939577975,55915.960531173674,1,17.780628143765874,32.62420390077291
517244.5253340768,441,232,10440.314081122562,13742.99745789976,16836.231429113002,192.87861675525912,480.13128485092415,560.4582389498962,10,25,4,10,2,2.1169598038141344,494.5983316333085,130,199,8685.51578461709,47691.48287112652,1,26.018730781863873,23.217033256689007
478844.9681246668,315,138,13985.097355037917,9756.791822847725,13322.159161327592,106.09219642870231,679.2199509905436,527.8035574478358,11,30,9,5,2,2.024695136262408,899.0892383880712,197,125,14187.857328677703,70958.26192179041,1,16.507542419647066,25.156566883520743
473055.0441126241,430,233,10653.29006684736,12896.95500870105,8782.376897074828,181.0831564842727,495.45434800576317,527.8913004283473,8,25,9,7,6,1.7494251942955978,565.6696126596272,157,202,5388.8120383625155,41526.71949670178,1,25.665544631044213,26.747710895366694
687309.073796527,438,167,17365.99021531581,6871.890164533072,14452.03602395796,114.40161428996444,557.1916986309947,498.66907457169975,11,16,2,4,5,2.3596469776706663,717.0345609440602,133,112,10954.34526432971,46922.19265354484,1,13.300775512861296,29.1082771673265
501988.544362596,449,257,17637.787884454185,14581.683581372354,13455.739215602458,168.73610029150106,515.00100867517,487.08588717675144,4,25,10,4,6,1.5789716631738402,543.6979659079249,274,209,5122.214369222596,36074.99290363763,1,17.47432236978625,22.52097084529498
609518.7573168174,413,164,16947.908950773526,11898.93466350461,13997.035148948638,198.52445517052428,312.1465698547164,514.5736929275366,11,34,9,11,3,1.5600600844108767,643.7196449109591,100,161,5995.89505261665,55060.512077937725,1,22.058286263535805,23.57521390450589
561004.0220569384,598,93,13350.458396624117,11292.634216305536,16124.950174675145,171.90124035702422,576.6510581315057,518.1348061773703,8,20,9,8,3,1.6347005835935597,679.4879784714406,319,239,18119.387432677682,35069.762301436625,1,14.78867350399274,27.53568455464912
485019.94973048265,384,275,16510.66234376087,15232.072145856167,11929.807908066636,213.11807669542006,766.4135465891908,409.684728869339,11,30,10,11,5,2.0632012076983015,409.52896691040803,186,210,10501.510181650488,50902.686676520265,1,16.060000922511232,29.3921846645484
498491.331367805,549,196,21742.50277836137,9261.696980181276,12593.483606239013,198.90490336030985,590.3986156280325,643.9004554655654,15,27,3,5,1,2.0416698748551467,767.1610899966242,168,101,9057.246354559751,36972.610770945175,1,21.139841211485127,26.782189372310313
620588.8802446008,340,152,10481.024231189927,13547.554446708016,10517.61032080694,98.75704258477056,841.5136869679201,450.86041731567485,9,12,2,5,5,1.7113449628695592,489.0564914195705,165,202,16584.53001190665,39196.560194495454,1,12.086468871311242,25.923474845629062
522657.3789994589,433,90,19408.401490706216,12146.60703178519,13941.405358283298,232.91779192163943,545.4443084633895,515.6701124836641,12,12,7,9,5,1.7721484253218174,536.5989124741716,251,198,20256.767251249683,41820.852017524325,1,23.419135816038054,19.035750547554013
481425.75096482865,466,404,18327.952551598057,12640.719045219044,13867.986033111583,194.98760528850758,581.0375804563328,609.042285058358,12,25,7,8,3,1.9376543191284392,508.4311806809868,310,125,13707.828199578651,59754.00424479642,1,24.914247208860516,30.0023461778656
451415.85983832413,325,366,15131.576273751121,14081.287255567295,12672.764683148403,162.23095994913587,550.0981086987659,480.9488804626878,6,15,9,7,6,1.639620835506478,512.6050347791063,154,172,17399.457858294827,49865.25762498306,1,25.08591428338687,32.05717907690349
547205.7573400504,563,319,16082.296120614616,18852.653428668695,15491.833723228972,166.20803136925738,565.7316121370917,530.1428754149159,15,21,7,4,2,2.162421351872955,517.7874350146441,312,127,9852.207408836812,49526.9175765904,1,20.302121668860735,32.7671685780779
476100.7742079129,270,212,16748.52568787859,14435.324695339446,10497.258362034332,101.61374449810025,595.149964962217,323.74500853909166,10,22,3,6,3,2.3773576177519193,443.66188507823654,308,213,12761.03005140375,57749.202995193016,1,17.288820572228566,27.900801194253688
570480.4823148188,536,296,12082.153377500694,17410.64130326397,13755.46271134677,193.7118403230152,703.4784470516603,341.54661615606926,12,22,6,5,3,1.8890952275144441,658.7361510794648,314,122,12535.170055456883,43079.060878703625,1,17.55027397737513,23.379995506637588
736252.7423482717,231,267,9786.995015418455,17525.975477662814,15083.111114928224,211.0481561455979,480.3093359212205,507.8253542399326,5,29,5,5,3,2.035889835927161,587.6773673077519,238,153,14054.46618041665,27411.069684621816,1,20.149420855329886,25.069277722246376
564037.9773988503,483,91,18672.819697880313,15586.008157018785,11882.242528305447,157.79960584412345,560.82795697648,526.1047042853189,7,19,9,6,3,1.9692102805797576,559.7877253759058,93,188,17130.24705799259,37812.934402476036,1,19.518339017214938,27.925748311177117
673348.8433391291,539,391,11142.81195143213,7483.89351396511,9554.106902795998,148.80169758355726,618.4955313228728,604.0207297437167,15,12,8,9,3,2.321734196537009,686.7697206675073,164,88,5446.271267566096,47568.9170449328,1,17.479117115660646,26.887443910843146
459239.3999925441,280,245,11673.978865620775,12457.061202312463,8652.993842796166,190.62111418050353,681.6077893541911,578.0983971984258,10,23,9,10,6,2.4823015852549686,769.3068752460171,214,252,8227.40967113609,50412.57571715571,1,25.335817509491832,21.92893262792626
578138.1666683301,262,243,13695.49666533343,9819.027975757292,13834.881091583276,232.7865906444683,355.010780715922,374.6759151173377,4,33,8,11,3,1.8387230477350385,403.3947708409096,281,87,10170.668595926705,57704.9806174219,1,18.015265797250418,16.90592205777439
626728.9225334991,591,357,16495.725833789973,22077.324325181315,18143.274322632737,228.63273621401746,427.1546580131974,617.8026215842741,11,19,3,6,4,1.9479175526214343,753.5912874986417,94,240,7843.239113046526,49257.130674982494,1,24.7491319974783,23.666349540815776
637284.9735486538,444,325,13752.253742213956,10088.28354013358,11692.782786469004,218.15699512098047,563.8585346162357,408.8019551557178,14,30,9,8,5,2.1791684579421307,572.4512976919614,229,197,13603.057683505642,63203.070872632714,1,19.399697503920244,25.338622578623074
628738.2763890399,553,257,12966.076130895439,8558.543604911061,14663.7006023107,265.8053001101332,666.3331342767739,583.3363227277769,4,22,2,11,4,2.035465856246106,426.39704398554807,235,170,13543.303556883722,55338.3269782667,1,19.151592192312826,28.854910858794348
521409.520519087,595,370,18834.66458678635,4611.848602846561,6609.068136104677,221.973799937709,514.3377100761296,471.6044536378619,6,15,4,8,2,1.6835953875272638,620.3977623948372,99,167,12781.317628568471,34102.57099605742,1,21.072177688737305,24.54189893441341
595642.958014054,594,333,14333.764301292984,9987.580551152963,14445.167567934415,231.2666280731672,623.5514706117169,740.8428241956855,9,24,3,4,2,1.4323521191828918,562.1391022511376,212,148,10567.076092166346,20432.5179779769,1,21.020243777773636,25.4909996664835
433505.7299884232,533,279,12705.23892130315,13580.826703679892,10352.467346102918,188.4832892158571,747.8975621876783,459.8203349223753,8,23,2,8,3,1.7716611288683362,669.6594918232571,190,209,18969.27958704578,38911.05708462852,1,18.421765861663523,27.669696302839686
656605.4903843214,437,315,16881.187037103926,16570.469719454515,12298.69715114676,171.1325802531505,560.9830277178231,503.70740918078667,5,29,9,4,3,2.030707701591082,590.9929932429735,193,151,13539.770059899256,52654.05429829554,1,21.25873780050304,36.39998536668325
439067.02581480314,594,144,15705.05033005895,9882.465361626219,13620.829099733211,230.38705001337325,538.3248783560563,523.4557622062615,6,28,3,7,5,1.8285687180651877,614.2482443668888,268,174,11778.98323127571,55452.549597959944,1,21.75022095946557,26.001789202938735
626601.7393177302,299,396,15600.51795677174,16831.574372432624,8749.803296887818,145.75832632625597,604.8264285763262,489.3862306887811,10,14,2,6,3,1.6435799515613343,527.1263088459647,102,225,12819.408110039889,49734.666550651156,1,25.612941376805587,17.707947425388543
608701.8464760791,401,381,17052.020452791512,13002.557668017873,22207.795993469284,201.95150848621742,577.1025006705237,425.24070706961174,11,11,2,12,6,1.776433471322107,461.8725497412759,270,197,16072.79235164005,52442.794072266865,1,19.285280367312833,22.892880502910245
608161.7418767319,357,210,15018.93401524704,11695.214663943601,11705.12201000578,160.68308638789279,584.2486804365908,697.3486921038957,5,13,7,10,6,2.4515338268710383,656.5937323148548,115,197,13526.892643269677,66846.65592916255,1,15.876659010028128,37.8479507964743
695574.462975614,303,103,18456.496416041602,13735.799682118984,15099.618902878807,198.5700975737735,542.8180800469967,458.09352510470086,12,28,4,9,5,1.6229287099486112,517.2545000388202,260,182,8351.861522786145,51168.21278914258,1,16.289476163755996,35.604761377577105
609454.1983180165,297,362,10500.59391551782,17594.473222150635,17579.46848285695,195.7160634987332,535.5720422141493,455.04803847337575,8,23,8,12,5,1.8507877106065844,619.2625817984108,165,87,20961.636433058484,55198.425355300125,1,28.47168686175456,32.63761354117889
407240.1267994664,606,256,19844.494386728693,13358.435448708437,14220.940770282516,191.51913949697644,464.57916735660325,500.70106423767834,15,20,4,12,1,1.7944075409472429,738.4438343099389,214,92,14717.449654386424,70158.04440392814,1,11.480908913245148,31.20914415555515
570137.6742717919,308,175,12303.81992701627,9764.388974960495,9962.383071761718,184.29128335241933,618.2625416426172,526.4261572892176,15,22,3,6,1,2.486661981219737,557.422788745471,148,93,6970.335301470032,29263.972702821262,1,14.240288796318232,31.277769758893633
359404.75141977705,190,418,9771.747069380232,14514.838917388099,13687.570937482436,206.30133983927018,461.22349825509764,451.78678406968237,11,10,3,8,5,1.5266363629353323,652.0088896965868,326,128,3783.7927084230287,71516.23399845135,1,19.103863813845678,25.56618865102059
512253.9992719543,344,273,12740.894762121548,14465.239039219889,8254.604515962266,212.71207033087794,482.37211853119425,591.0465748081004,4,25,4,9,6,1.7190589373616858,571.634658107415,132,166,15806.298320391288,20290.419517422684,1,16.53945979296696,32.203781599183564
484095.1314010206,319,157,14276.662309922443,12610.14480066771,12473.231666683427,129.04396092858494,446.2035263685653,522.9818014078352,5,14,4,4,5,1.9570754150538106,534.8883358215453,188,123,18704.332140047638,41087.66715163779,1,22.275441158405663,32.43727333482185
574216.591873983,588,293,12927.551890480068,16366.787875709015,18095.300971056644,183.18532812113233,529.0155868085493,511.7081540982566,7,26,9,4,2,1.9862978343851398,403.1415670543689,294,175,14669.58157647487,44290.318705242964,1,21.925644702637435,32.06679744287572
450044.1915687501,514,341,12121.930265944568,6103.650549372357,9448.640303760383,168.27665582131718,562.4632865034694,557.4383386072265,9,14,6,7,5,2.2533241622689326,570.6661603911881,181,237,15440.880313918591,31400.618810923366,1,16.861396201557387,23.408218913721324
452595.8447749787,378,236,19037.010609003704,14306.926541013087,11092.320525938072,192.76516163706282,455.5282055572957,437.869073579493,8,17,5,4,4,2.2243993464269343,556.9345506035799,96,252,15561.767422549876,49021.66458488632,1,25.014969470421256,25.051733953386538
562601.5468151709,537,316,12452.78307069464,15631.481238533841,18590.09673419329,168.35504598683178,534.6993885885121,460.272043943981,13,35,10,10,1,1.74218033592928,479.21211127474896,138,198,12522.831501509592,50385.87390096653,1,14.586683333966104,23.14942439091319
619855.0355682626,334,123,7597.734374130284,8708.668568319423,12912.137562738273,236.00380959772463,575.3643076096008,508.1258960334843,11,27,6,4,6,2.027078204266045,351.1404214582918,142,105,4428.901084497867,59880.44208891333,1,16.050995938798625,32.981630642833764
520223.0029100148,247,180,14273.45418716122,8601.892185469766,10897.6369952288,182.26943276007458,410.9145457188431,589.0433048528604,7,33,9,6,3,1.8908434566854522,391.2822916848666,109,214,9145.376702770092,59493.89588503152,1,25.289805670032976,28.818789729053826
717459.207700825,446,233,22658.86512798502,16294.198129633898,14489.77762144168,224.46187544100752,487.8525509273711,489.27017533423674,15,23,5,4,4,1.8111540297750885,771.3770939423474,310,225,16313.930130681994,53082.645316877846,1,13.778317663408366,29.352841304836293
490822.1117024706,438,127,11775.867693305485,16840.807789126775,12087.36365305391,146.91324866282253,731.4417107439962,483.0464930589366,14,29,10,8,3,2.223846796694496,579.1591156857464,288,221,15313.04312663334,64421.000592834724,1,20.387493275908184,30.453373266035285
577777.5621897714,277,155,12351.225522084866,17415.285586811013,5795.2811749783905,173.77067760064205,492.6802493084925,330.7852986791354,11,23,3,11,6,2.0105634762565208,417.01653139003446,299,241,11560.966639158138,58739.054123259455,1,25.272990427636493,18.527845477674934
549006.4438389739,222,267,14087.12920077009,11051.732626804409,9590.719354078768,160.41190329936958,627.3005382649715,451.05108600707007,6,27,6,4,3,2.3857978173470267,508.76694831234056,222,80,9868.888933125369,47100.831598521094,1,8.603015279041252,32.291156873540785
490865.85119372635,144,250,20904.755230176655,13823.3072073775,19159.576703697672,200.7472418321896,511.7872558843314,369.7036424825793,14,26,5,9,6,2.0726135233880076,576.1151461308881,175,147,13334.533819125223,52428.90981495385,1,17.6492537384945,23.754745075671522
631468.4770930946,324,209,14241.663435370196,14233.133836543737,14318.812237021131,137.60083189042982,579.0102489082556,390.87528561315906,12,10,9,8,6,2.198966340026757,624.3729658558649,295,186,10852.975664520014,43371.48406311366,1,22.790288454251417,24.30022732870916
444322.49356541527,490,96,11918.34078147676,7907.656228751908,17498.324336581318,116.64674584815457,484.2561403947,541.090517754184,5,26,4,12,1,1.1793837870099222,549.3452410566656,283,109,12118.2732831447,36294.176215281615,1,17.919803804495068,21.98567899112804
343553.8046244888,526,221,16770.761731747272,13687.507368301343,10518.248983817828,159.97589807711552,379.33336804630943,792.1027214091786,6,13,5,9,3,1.9646942998281631,797.333475682133,264,151,13134.727663881396,56134.968685094886,1,19.237226947028645,27.480037812903998
509279.2642683217,299,249,16510.273559534693,13629.99778545305,13245.901887850756,207.4441737864179,518.1060394339563,526.5098417678585,7,26,4,11,5,2.06086697001658,802.5195140177923,126,124,8769.404360122066,33013.35712357836,1,19.752118862549157,26.59905586412078
